カテゴリ,難易度,問題,正答,誤答,解説
IPカメラ,1,動画のエンコーダーは何を行う機能か？,動画データを圧縮・変換する,圧縮・変換された動画データを復元する,エンコーダーは、元の動画データを圧縮し、転送や保存に適した形式に変換します。
IPカメラ,1,H.264は何の規格か？,動画圧縮コーデック,音声圧縮コーデック,H.264は、広く使用されている動画圧縮のコーデック規格です。
IPカメラ,1,動画のデコーダーは何を行う機能か？,圧縮・変換された動画データを復元する,動画データを圧縮・変換する,デコーダーは、圧縮された動画データをデコードし、再生可能な形式に変換します。
IPカメラ,1,動画のIP通信で使用される一般的なプロトコルは？,RTSP (Real Time Streaming Protocol),HTTP (Hypertext Transfer Protocol),RTSPは、動画のリアルタイムストリーミングに特化したプロトコルです。
IPカメラ,1,MPEGとは？,動画圧縮規格,音声編集ソフトウェア,MPEGは、動画と音声の圧縮規格の一つです。
IPカメラ,1,動画エンコーダーで重要な要素は？,圧縮効率と品質,カラープリセット,エンコーダーは、圧縮効率と品質のバランスを最適化することが重要です。
IPカメラ,1,IP通信で動画を配信する場合、圧縮が必要な理由は？,帯域幅を節約するため,セキュリティを向上させるため,圧縮によってデータサイズを減らし、効率的に転送することができます。
IPカメラ,1,H.265（HEVC）の特徴は？,H.264より高い圧縮効率,H.264より低い画質,H.265は、H.264に比べて高い圧縮効率を持ち、同じ品質でより少ない帯域幅を必要とします。
IPカメラ,1,動画を圧縮せずに転送すると、主に何が問題になるか？,帯域幅が不足する,映像の色が変わる,非圧縮動画は非常に大きなデータサイズを持つため、帯域幅を圧迫します。
IPカメラ,1,動画のデコーダーが正しく動作しない場合、動画はどうなるか？,再生できない,圧縮される,デコーダーが正しく動作しないと、圧縮データが再生可能な形式に変換できず、再生できません。
IPカメラ,2,H.264で使用されるフレームタイプ「Iフレーム」とは何を表すか？,完全な画像データを含むフレーム,他のフレームとの差分を記録したフレーム,Iフレームは、圧縮なしの完全な画像情報を含むフレームです。
IPカメラ,2,H.264で使用されるフレームタイプ「Pフレーム」とは何を表すか？,直前のフレームとの差分データを含むフレーム,完全な画像データを含むフレーム,Pフレームは、データ量を減らすために差分情報のみを格納します。
IPカメラ,2,H.264で使用されるフレームタイプ「Bフレーム」の特徴は？,前後のフレームとの差分データを使用する,他のフレームに依存しない,Bフレームは、前後のフレームを参照して効率的にデータを圧縮します。
IPカメラ,2,ビットレートを下げると動画の品質はどうなるか？,低下する,向上する,ビットレートを下げるとデータ量が減少し、画質が低下します。
IPカメラ,2,エンコード中の「キーフレーム間隔」とは何か？,Iフレーム間の間隔,圧縮率の設定値,キーフレーム間隔は、動画内でIフレームが挿入される頻度を表します。
IPカメラ,2,VBR（可変ビットレート）の利点は何か？,必要に応じてビットレートを調整し、効率を向上させる,一定のビットレートを維持する,VBRは、シーンの複雑さに応じてビットレートを調整するため、効率的です。
IPカメラ,2,圧縮後の動画データにおける「ブロックノイズ」の原因は？,高い圧縮率,フレームレートの低下,圧縮率が高すぎると画質が低下し、ブロックノイズが目立ちます。
IPカメラ,2,エンコード時に「インター予測」が使用されるのはどのフレームか？,PフレームとBフレーム,Iフレーム,インター予測は、前後のフレームを参照して差分を記録する手法です。
IPカメラ,3,H.265（HEVC）がH.264よりも効率的である理由は？,より細かいブロックサイズで処理する,高いフレームレートを使用する,H.265は、最大64×64ピクセルのブロック単位で処理し、効率を向上させています。
IPカメラ,3,動画コーデックの「プロファイル」とは何を指定するか？,コーデックの機能や品質レベル,フレームレートの範囲,プロファイルは、コーデックがサポートする機能や性能レベルを決定します。
IPカメラ,3,H.264で「CABAC」とは何か？,高効率なエントロピー符号化手法,映像を彩色するアルゴリズム,CABAC（Context-Adaptive Binary Arithmetic Coding）は、高い圧縮効率を提供する符号化手法です。
IPカメラ,3,「CQP（Constant Quantization Parameter）」モードでは、ビットレートは？,一定ではない,一定である,CQPは量子化パラメータを一定に保つため、ビットレートはシーンごとに異なります。
光学知識,1,レンズの焦点距離が長いほど、視野はどうなるか？,狭くなる,広くなる,焦点距離が長いと、ズームしたように視野が狭くなります。
光学知識,1,被写界深度とは何を指すか？,ピントが合っている距離の範囲,無限遠に焦点が合う最短距離,被写界深度は、ピントが合う前後の範囲を指します。
光学知識,1,F値（絞り値）が小さいほど、レンズの開口部は？,大きい,小さい,F値が小さいと開口部が大きくなり、より多くの光を取り込むことができます。
光学知識,1,アイリスは何を調整するための機構か？,レンズの開口部の大きさ,シャッタースピード,アイリスは絞り機構で、光量を調整します。
光学知識,1,カメラセンサーのサイズが大きいほど、画像の画質は？,向上する,低下する,センサーが大きいと、より多くの光を取り込めるため、画質が向上します。
光学知識,1,シャッタースピードが速いほど、動く被写体はどう写るか？,鮮明に写る,ぼやける,シャッタースピードが速いと、動きが止まったように撮影できます。
光学知識,1,デジタルカメラのISO感度を上げると、ノイズは？,増加する,減少する,ISO感度を上げると、明るくなりますがノイズも増加します。
光学知識,1,光量が不足している場合、カメラはどの設定を調整するか？,絞りを開く,絞りを閉じる,光量を増やすために、絞りを開きます。
光学知識,2,F値（絞り値）が小さいほど、被写界深度はどうなるか？,浅くなる,深くなる,F値が小さい（開放絞り）ほど、レンズの開口部が大きくなり、被写界深度が浅くなります。これにより、背景がぼけやすくなり、被写体が際立つ写真が撮影できます。
光学知識,2,被写界深度を深くするためには、絞りをどう調整する必要があるか？,絞りを閉じる,絞りを開く,絞りを閉じる（F値を大きくする）と、レンズの開口部が小さくなり、より広い範囲でピントが合うようになります。これにより、風景写真などで近景から遠景まで鮮明に写せます。
光学知識,2,同じF値の場合、焦点距離が短いレンズ（広角レンズ）の方が被写界深度はどうなるか？,深くなる,浅くなる,焦点距離が短いレンズは広角レンズに該当し、被写界深度が深くなります。これにより、全体的にピントが合った写真を撮影しやすくなります。
光学知識,2,センサーの画素数が増えると、何が向上するか？,解像度,光感度,画素数が多いと細部まで写すことができ、解像度が向上します。
光学知識,2,レンズの開放F値が小さいほど、レンズの明るさはどうなるか？,明るくなる,暗くなる,開放F値が小さいレンズは「明るいレンズ」と呼ばれます。
光学知識,2,カメラセンサーのダイナミックレンジが広いと、どのような効果があるか？,明暗の差をより正確に記録できる,ノイズが減少する,ダイナミックレンジが広いと、明るい部分と暗い部分のディテールが保たれます。
光学知識,2,ズームレンズに対して「単焦点レンズ」の主な利点は？,高い画質と明るさ,撮影距離を変更できる,単焦点レンズは光学性能が高く、明るいレンズが多いです。
光学知識,2,広角レンズで発生しやすい画像の歪みはどれか？,樽型歪み,糸巻き型歪み,広角レンズでは、直線が湾曲する樽型歪みが発生しやすいです。
光学知識,3,被写界深度が浅い写真で主に使われる撮影技術は？,ボケ効果,パンフォーカス,被写界深度が浅い場合、背景をぼかした写真が撮れます。
光学知識,3,高感度撮影時に発生しやすいノイズの種類は？,クロマノイズ,樽型歪み,クロマノイズは高感度撮影で発生するカラーノイズの一種です。
光学知識,3,「ハイパーフォーカルディスタンス」とは？,無限遠までピントが合う最短距離,最短撮影距離,ハイパーフォーカルディスタンスは、背景がすべてピント内に入るように設定する焦点距離です。
光学知識,3,シャッター方式で、「ローリングシャッター」と「グローバルシャッター」の違いは？,撮像素子の読み出しタイミング,シャッター速度の違い,ローリングシャッターは逐次読み出し、グローバルシャッターは全体を一度に読み出します。
光学知識,3,「周辺光量落ち」とは何を指すか？,画像の端が暗くなる現象,ノイズが増加する現象,レンズ特性により、周辺部で光量が低下することがあります。
環境問題,1,大気汚染の原因となる主な物質はどちらか？,二酸化硫黄 (SO2),二酸化炭素 (CO2),二酸化硫黄は化石燃料の燃焼で発生し、酸性雨や大気汚染の原因となります。CO2は温室効果ガスで、大気汚染というより地球温暖化に関連します。
環境問題,1,光化学スモッグの原因となる物質はどちらか？,揮発性有機化合物 (VOC),二酸化炭素 (CO2),揮発性有機化合物と窒素酸化物が紫外線と反応して光化学スモッグを引き起こします。
環境問題,1,酸性雨の原因物質はどちらか？,硫黄酸化物 (SOx) と窒素酸化物 (NOx),二酸化炭素 (CO2),これらの物質が水分と反応して酸を形成し、酸性雨を引き起こします。
環境問題,1,地球温暖化が直接影響を及ぼすのは？,海面上昇,オゾン層の破壊,地球温暖化は氷河融解や海水膨張により海面上昇を引き起こします。
環境問題,1,オゾン層を破壊する主な物質はどれか？,フロンガス,二酸化窒素 (NO2),フロンガス（CFC）は紫外線と反応してオゾン分子を分解し、オゾン層の破壊を引き起こします。
環境問題,1,地球環境において「カーボンニュートラル」とは何を意味するか？,排出するCO2を吸収・削減して実質ゼロにする,CO2の排出量目標をゼロにする,カーボンニュートラルは、CO2排出量と吸収量を均衡させる取り組みです。
環境問題,1,気候変動に影響を与える主要な原因は？,化石燃料の使用,太陽活動の変動,化石燃料の燃焼は大量のCO2を排出し、気候変動を加速させます。
環境問題,1,プラスチックリサイクルの一形態で、熱分解して原料に戻す方法を何と呼ぶか？,ケミカルリサイクル,マテリアルリサイクル,ケミカルリサイクルは、化学処理によってプラスチックをモノマーや原料に戻す方法です。
環境問題,1,家庭から出る生ごみを堆肥化する方法を何と呼ぶか？,コンポスト化,サーマルリサイクル,生ごみを微生物の力で分解し、肥料として再利用する方法です。
環境問題,1,リサイクルの3Rとは何を意味するか？,Reduce、Reuse、Recycle,Refuse、Replace、Repair,3Rは環境負荷を減らすための基本的なアプローチです。
環境問題,1,バイオプラスチックはどのような材料から作られるか？,植物由来の材料,食品残渣由来の材料,バイオプラスチックは、トウモロコシやサトウキビなどの植物から作られます。
環境問題,1,リサイクルの効率を上げるために重要な取り組みは？,分別収集の徹底,ゴミ収集の頻度を下げる,分別収集を徹底することで、リサイクル可能な資源を効率よく回収できます。
環境問題,1,持続可能な都市づくりにおいて、最も重要とされるのはどちらか？,再生可能エネルギーの活用,オール電化,持続可能な都市づくりでは、環境負荷を減らすために再生可能エネルギーの利用が不可欠です。
大規模言語モデル,1,大規模言語モデル（LLM）の主な目的はどれか？,自然言語を理解し、生成する,音声認識を行う,LLMは、自然言語の文脈を理解し、適切な出力を生成するモデルです。
大規模言語モデル,2,大規模言語モデル（LLM）でよく使用されるアルゴリズムの種類は？,トランスフォーマー,再帰型ニューラルネットワーク（RNN）,トランスフォーマーは、LLMの基盤となるアーキテクチャで、並列処理が可能なため効率的です。
大規模言語モデル,1,大規模言語モデル（LLM）が訓練されるデータの種類は？,自然言語データ,構造化データ,LLMは、主に自然言語データ（テキスト）を使用して訓練されます。
大規模言語モデル,2,大規模言語モデル（LLM）における「パラメータ」とは何か？,モデルが学習する重みとバイアス,入力データの特徴量,パラメータは、モデルが学習する数値で、入力データと出力の関係を決定します。
大規模言語モデル,1,大規模言語モデル（LLM）はどのようなアプローチを使用して次の単語を予測するか？,文脈に基づいて確率的に予測する,文法規則に従って予測する,LLMは、文脈に基づいて次の単語の確率分布を計算し、予測します。
大規模言語モデル,2,トランスフォーマーのアテンション機構は何を目的としているか？,入力データ内の重要な部分に焦点を当てる,データを圧縮する,アテンション機構は、入力データ内の関連性の高い部分を強調する仕組みです。
大規模言語モデル,2,トランスフォーマーのアテンションの計算に用いられる主要な3つの要素はどれか？,クエリ、キー、バリュー,重み、バイアス、損失,アテンションは、クエリ、キー、バリューを用いてデータ間の関連性を計算します。
大規模言語モデル,2,トランスフォーマーが並列処理を可能にした理由はどれか？,入力全体を一度に処理する,時系列に沿って逐次処理を行う,トランスフォーマーはシーケンス全体を同時に処理するため、並列処理が可能です。
大規模言語モデル,3,トランスフォーマーの「自己アテンション」とは何か？,同一シーケンス内の単語間の関連性を計算する,他のシーケンスと関連付ける,自己アテンションは、入力シーケンス内で単語同士の関連性を計算する仕組みです。
大規模言語モデル,3,トランスフォーマーの重要な構成要素はどれか？,エンコーダーとデコーダー,再帰ニューラルネットワーク,トランスフォーマーはエンコーダーとデコーダーから構成され、情報のエンコードと生成を行います。
大規模言語モデル,1,大規模言語モデル（LLM）の訓練で使用される手法は？,教師なし学習と自己教師あり学習,教師あり学習,LLMは、テキストデータを基に自己教師あり学習で訓練されることが一般的です。
大規模言語モデル,3,大規模言語モデル（LLM）の性能評価に用いられる一般的な指標はどれか？,クロスエントロピー損失,精度（Accuracy）,クロスエントロピー損失は、言語モデルの予測の良さを測る指標です。
大規模言語モデル,2,大規模言語モデル（LLM）のスケーリングで重要な要素はどれか？,モデルサイズ、データサイズ、計算能力,データの圧縮率,LLMの性能は、モデルのサイズや使用するデータの量、計算資源に依存します。
大規模言語モデル,1,大規模言語モデル（LLM）の訓練におけるバッチサイズが小さいと、何が起こりやすいか？,学習が不安定になる,学習速度が向上する,小さいバッチサイズでは、勾配のばらつきが大きくなり学習が不安定になる可能性があります。
大規模言語モデル,1,大規模言語モデル（LLM）の訓練データにおける「バイアス」とは何を指すか？,データに含まれる偏り,データの安定性,訓練データに偏りがあると、モデルの出力にもそのバイアスが反映される可能性があります。
大規模言語モデル,1,大規模言語モデル（LLM）の生成するテキストはどのような性質を持つか？,文脈に基づいて論理的である場合が多い,文脈が抽象的になる場合が多い,LLMは文脈を考慮して生成しますが、必ずしも正確な内容とは限りません。
大規模言語モデル,1,大規模言語モデル（LLM）が大規模データを必要とする理由は？,モデルの汎化性能を向上させるため,訓練速度を速くするため,大量のデータを使うことで、多様な文脈を学習し、汎化性能が向上します。
大規模言語モデル,1,大規模言語モデル（LLM）の限界として挙げられるのは？,論理的な推論能力が不足する場合がある,訓練時間が長すぎる,LLMは学習したデータに依存するため、論理的な推論や未知の問題には限界があります。
大規模言語モデル,1,大規模言語モデル（LLM）の推論時間が長くなる主な理由は？,パラメータ数が多いため,データが複雑なため,パラメータ数が非常に多いLLMでは、推論に多くの計算が必要となるため時間がかかります。
ベイズ理論,2,ベイズの定理は、どのような確率を計算するために使用されるか？,条件付き確率,確率密度関数,ベイズの定理は、ある事象が既に観測された事象に基づいて発生する確率を計算するために使用されます。
ベイズ理論,1,ベイズの定理における P(A)は何を意味するか？,Aの事前確率,Aの事後確率,P(A)は観測が行われる前のAの確率（事前確率）を表します。
ベイズ理論,2,ベイズの定理における P(B|A)は何を意味するか？,Aが起こったときのBの確率,Bが起こったときのAの確率,P(B|A)は、Aが発生した場合にBが発生する条件付き確率です。
ベイズ理論,3,ベイズ分類器では、どのようにクラスが割り当てられるか？,最大の事後確率を持つクラス,最大の事前確率を持つクラス,ベイズ分類器は、観測データに基づき事後確率が最大となるクラスに割り当てます。
ベイズ理論,3,ナイーブベイズ分類器の特徴はどれか？,特徴量間の独立性を仮定する,特徴量間の相関を考慮する,ナイーブベイズ分類器は、各特徴量が独立であると仮定して計算を簡略化します。
ベイズ理論,2,ナイーブベイズ分類器は、どのようなデータで効果的か？,テキストデータ,時系列データ,ナイーブベイズ分類器は、スパムメール検出などのテキストデータの分類でよく使用されます。
ベイズ理論,2,ベイズ理論を用いた推論は、次のどの問題に役立つか？,不確実性の下での意思決定,経路探索問題,ベイズ理論は、不確実な状況での確率的推論や意思決定に有用です。
ベイズ理論,2,ベイズ理論の結果が正確であるためには、何が必要か？,適切な事前確率の設定,高速な計算アルゴリズム,適切な事前確率を設定することは、ベイズ理論による正確な推論に不可欠です。
機械学習,1,機械学習の「学習方法」は、大きく分けて「教師あり学習」「教師なし学習」の２種類だけである。,2種類以外にもある,2種類だけである,機械学習には、ラベル付きデータを使う「教師あり学習」、ラベルなしデータを使う「教師なし学習」以外にも、行動と報酬を使う「強化学習」があります。
機械学習,1,教師あり学習において、目的はどれか？,入力から出力を予測する,データ内の隠れたパターンを見つける,教師あり学習は、入力データとラベルの関係を学習し、新しい入力データに基づいて出力を予測します。
機械学習,1,教師なし学習では、主に何を行うか？,クラスタリングや次元削減,分類や回帰,教師なし学習はラベルのないデータを扱い、データをグループ化したり重要な特徴を抽出します。
機械学習,2,強化学習では、学習はどのように行われるか？,試行錯誤と報酬を通じて学習する,教師データに基づいて学習する,強化学習は、エージェントが環境との相互作用を通じて最適な行動を学びます。
機械学習,1,過学習とはどのような現象か？,モデルが訓練データに過剰適合している,モデルが訓練データを学習しきれていない,過学習は、モデルが訓練データに適合しすぎて新しいデータに対して性能が低下する現象です。
機械学習,1,線形回帰の目的はどれか？,連続値の予測,分類,線形回帰は、入力変数と連続的な出力変数の間の関係をモデル化します。
機械学習,1,ロジスティック回帰は分類問題で使用されるが、その出力は何を表すか？,クラスに属する確率,データの期待値,ロジスティック回帰は、あるデータが特定のクラスに属する確率を出力します。
機械学習,1,線形回帰の誤差を最小化するために一般的に使用される手法はどれか？,最小二乗法,ニュートン法,最小二乗法は、予測値と実測値の差の2乗の合計を最小化する手法です。
機械学習,1,ロジスティック回帰の決定境界は何を基準に設定されるか？,確率,学習率,ロジスティック回帰では、確率が0.5を超える場合に特定のクラスと判断します。
機械学習,2,ロジスティック回帰で用いられる活性化関数はどれか？,シグモイド関数,ソフトマックス関数,シグモイド関数は、ロジスティック回帰で出力を0から1の範囲に変換します。
機械学習,1,サポートベクターマシン（SVM）で重要な概念はどれか？,マージンの最大化,平均二乗誤差の最小化,SVMは、クラス間のマージンを最大化する境界を見つけることで分類を行います。
機械学習,2,サポートベクターマシン（SVM）で非線形データを扱う際に使用されるのは？,カーネル関数,シグモイド関数,カーネル関数は、非線形データを高次元空間にマッピングするために使用されます。
機械学習,3,サポートベクターマシン（SVM）のカーネル関数でよく使われるものはどれか？,RBFカーネル（ガウシアンカーネル）,ハイパボリック関数,RBFカーネルは、SVMで非線形データを処理する際に一般的に使用されます。
機械学習,2,サポートベクターマシン（SVM）でソフトマージンは何を可能にするか？,訓練データ内の誤分類を許容する,高速な計算を行う,ソフトマージンは、少量の誤分類を許容することでモデルの汎化性能を向上させます。
機械学習,2,サポートベクターマシン（SVM）が他のアルゴリズムと比べて優れているのはどのような状況か？,データ数が少なく、特徴量が多い場合,データ数が多く、特徴量が少ない場合,SVMは、高次元空間でのマージン最大化に強いため、少ないデータでも有効です。
ニューラルネットワーク,2,ニューラルネットワークで、入力層から出力層に情報が順に伝わる仕組みは？,フィードフォワード,リカレント,フィードフォワードは、入力から出力へ一方向にデータが伝わる仕組みです。
ニューラルネットワーク,3,ニューラルネットワークの学習において、誤差を逆伝播させる手法は何と呼ばれるか？,バックプロパゲーション,勾配降下法,バックプロパゲーションは、誤差を逆方向に伝播させて重みを更新する手法です。
ニューラルネットワーク,2,活性化関数「ReLU」の特性はどれか？,負の値を0にする,入力を一定値にクリップする,ReLUは、負の入力を0にし、正の入力をそのまま出力します。
ニューラルネットワーク,3,ニューラルネットワークの過学習を防ぐための手法はどれか？,ドロップアウト,ミニバッチ,ドロップアウトは、学習中にランダムにニューロンを無効化することで過学習を防ぎます。
ニューラルネットワーク,3,深層学習でのモデルのトレーニングにおいて、学習率を調整する目的は？,勾配降下の収束速度を制御するため,モデルのサイズを縮小するため,学習率は、パラメータの更新量を調整し、収束速度や安定性に影響を与えます。
電気・電磁気学,1,クーロンの法則において、2つの点電荷間に働く力の大きさは、距離の何乗に反比例する？,距離の2乗,距離の3乗,クーロンの法則では、2つの点電荷間に働く静電力 F は、電荷の積 q1と q2に比例し、距離 r の2乗に反比例します。
電気・電磁気学,1,磁場中で導線を動かすときに発生する電流の方向は何の法則で決まる？,フレミングの右手の法則,フレミングの左手の法則,フレミングの右手の法則は、誘導電流の方向を決める法則です。磁場中で導線を動かすとき、右手の親指を動く方向、人差し指を磁場の方向、中指を電流の方向として対応させます。
電気・電磁気学,2,交流回路において、リアクタンスがゼロとなるのはどの条件？,回路が共振している場合,周波数が無限大の場合,交流回路で、共振条件（インダクタンスのリアクタンスとキャパシタンスのリアクタンスが等しい状態）では、リアクタンスが打ち消し合いゼロになります。これにより、回路が最大の電流を流せる状態になります。
電気・電磁気学,3,電磁波が誘電体境界面を通過する際、境界面での反射係数と透過係数は何によって決定される？,入射角と媒質の屈折率,波長と媒質の電導率,電磁波の反射係数と透過係数は、スネルの法則やフレネルの式を用いて、入射角と媒質の屈折率（誘電率や透磁率に関連）から計算されます。
電気・電磁気学,1,キルヒホッフの電流則に基づく場合、任意の回路接点（ノード）で成り立つのはどちらか？,接点に流れ込む電流の総和は流れ出る電流の総和に等しい,接点に流れ込む電流の総和はゼロではない,キルヒホッフの電流則（KCL）は、電荷保存則に基づいています。接点に流れ込む電流と流れ出る電流の和が常にゼロ、すなわち「流入電流 = 流出電流」という形で表されます。
電気・電磁気学,1,キルヒホッフの電圧則に基づく場合、任意の閉回路における電圧の和について正しいのはどちらか？,電圧源と電圧降下の和は常にゼロ,電圧源の和が電圧降下の和を超える場合がある,キルヒホッフの電圧則（KVL）は、エネルギー保存則に基づいています。閉じた回路（ループ）内を一周する際、電圧源から供給されるエネルギーと抵抗などで消費されるエネルギーの合計は常にゼロです。
無線(変復調),2,デジタル変調方式の一つで、位相を変化させることによって情報を伝送する方式はどれか？,PSK (Phase Shift Keying),ASK (Amplitude Shift Keying),PSKは、信号の位相を変化させてデータを送信する方式です。一方、ASKは振幅を変化させてデータを伝送します。
無線(変復調),2,QAM（Quadrature Amplitude Modulation）は、どのような信号の特性を組み合わせて情報を伝送するか？,振幅と位相,振幅と周波数,QAMは振幅と位相を組み合わせて信号を変調します。この方法により、多くの情報を効率的に伝送できます。
無線(変復調),2,2進符号を1ビットごとに送信する方式は次のうちどれか？,BPSK (Binary Phase Shift Keying),QPSK (Quadrature Phase Shift Keying),BPSKは、1ビットごとに位相を180°変化させて送信します。一方、QPSKでは1シンボルで2ビットの情報を送信します。
無線(変復調),2,FSK (Frequency Shift Keying) は、どの信号特性を変化させて情報を伝送するか？,周波数,位相,FSKでは、信号の周波数を変化させることでデータを伝送します。0と1に異なる周波数を割り当てます。
無線(変復調),2,OFDM (Orthogonal Frequency Division Multiplexing) の主な特徴はどれか？,各サブキャリアが直交しているため、干渉を最小化できる,高い周波数帯域を必要とする,OFDMでは、直交するサブキャリアを使用してデータを多重化します。この特性により、効率的に帯域を使用しつつ干渉を抑制します。
無線(空中線),2,ダイポールアンテナの基本構造はどのようなものか？,導線が2本,導線が1本,ダイポールアンテナは、1/2波長の長さを持つ2本の導線から構成されています。
無線(空中線),2,アンテナの利得が高いほど、何が向上するか？,特定方向への指向性,無指向性の範囲,アンテナの利得が高い場合、特定の方向への電力の集中度が高くなり、通信距離や信号品質が向上します。
無線(空中線),1,アンテナの指向性パターンが全方向に均等であるものを何と呼ぶか？,無指向性アンテナ,指向性アンテナ,無指向性アンテナは、全方向に均等に電波を放射するアンテナであり、例えば車載用アンテナなどに使用されます。
無線(空中線),1,パッチアンテナは主にどの用途で使用されるか？,携帯電話やGPSなどの小型デバイス,衛星通信の大型地上局,パッチアンテナは平面型のアンテナで、小型かつ低プロファイルのため、携帯電話やGPS受信機などに適しています。
無線(空中線),2,アンテナの入力インピーダンスが送信機や受信機と一致していない場合、何が起きるか？,反射が発生し、効率が低下する,放射パターンが変化する,インピーダンスが一致していないと電力の反射が発生し、伝送効率が低下します。この問題を解決するために、マッチング回路が使用されます。
宇宙空間通信,1,宇宙空間で無線通信が地球上と異なる最大の理由はどれか？,宇宙空間には大気がないため信号減衰が少ない,宇宙空間では信号が光速を超える場合がある,地球上では大気や水蒸気によって信号が減衰しますが、宇宙空間ではこれがほぼありません。ただし、信号の減衰は距離による拡散と他の干渉によって影響を受けます。
宇宙空間通信,1,宇宙空間で使用される無線通信の主な周波数帯域はどれか？,マイクロ波（SHF帯域）,ラジオ波（HF帯域）,宇宙通信では、遠距離通信で高データレートを実現するためにマイクロ波帯域（特にS帯やX帯、Ka帯）が使用されます。これらは高い指向性を持つパラボラアンテナと相性が良いです。
宇宙空間通信,2,宇宙通信で重要な「ドップラーシフト」とは何に関係するか？,送信源と受信機の相対速度による周波数の変化,信号の振幅の変化,宇宙探査機や衛星が高速で移動するため、信号の周波数が送信源と受信機の相対速度によって変化します。これを「ドップラーシフト」といい、通信周波数の補正が必要です。
宇宙空間通信,1,宇宙探査機が地球に信号を送信する際、最も影響を受けやすい要因はどれか？,太陽フレアの影響,月の重力場の影響,太陽フレアが発生すると、プラズマや電磁波が放出され、宇宙空間の信号伝播が妨げられることがあります。この影響で通信が途絶えることもあります。
宇宙空間通信,2,宇宙通信のデータ伝送効率を向上させるために一般的に使用される技術はどれか？,前方誤り訂正（FEC）を使用する,高出力の送信機を使用する,宇宙通信では、信号が非常に弱くなるため、誤り訂正技術（FEC）が重要です。これにより、受信側で信号の復元精度を高め、データ損失を減らします。
センサー（温度）,1,半導体温度センサーは、温度によって何が変化する性質を利用しているか？,電圧の変化,抵抗の変化,半導体温度センサーは、温度によって変化するpn接合の電圧（または電流）特性を利用します。
センサー（温度）,1,半導体温度センサーの代表的な種類はどれか？,IC温度センサー,サーミスタ,半導体センサーとしてはIC温度センサーが一般的で、リニアな出力を持つことが特徴です。
センサー（温度）,1,半導体温度センサーは主にどの範囲の温度測定に適しているか？,-50℃〜150℃,500℃〜1000℃,半導体温度センサーは中程度の温度測定に適しており、極端な高温環境では使用できません。
センサー（温度）,2,白金電極温度センサーの原理は何を利用しているか？,抵抗の変化,電流の変化,白金電極温度センサーは、温度変化に伴う白金の抵抗値変化を利用して温度を測定します。
センサー（温度）,2,白金温度センサーの最も一般的な型番はどれか？,Pt100,RTD200,Pt100は、0°Cで100Ωの抵抗を持つ白金温度センサーの代表的な規格です。
センサー（温度）,1,白金温度センサーの利点は何か？,耐熱性が高く、高温環境で正確に測定できる,コストが安い,白金センサーは、高温環境でも高い精度を保つことができるのが利点です。
センサー（温度）,1,白金温度センサーの測定範囲は通常どの程度か？,-200℃〜850℃,-50℃〜150℃,白金センサーは広い温度範囲で高精度に測定可能です。
センサー（温度）,2,熱電対は2種類の異なる金属を接続した際に生じる何を利用して温度を測定するか？,電圧,抵抗,熱電対は、異なる金属間に温度差があると生じる熱起電力（ゼーベック効果）を利用します。
センサー（温度）,1,K型熱電対の使用範囲はどれか？,-200℃〜1350℃,0℃〜500℃,K型熱電対は、汎用性が高く広範囲の温度測定に対応しています。
センサー（温度）,2,熱電対の測定精度に影響を与える要因はどれか？,接続端子の冷接点温度,金属の電気伝導率,冷接点補償が正確でないと、熱電対の測定精度が低下します。
センサー（湿度）,1,湿度センサは、湿度に応じて何が変化する特性を利用するか？,容量・抵抗,起電力,湿度センサは、湿度による容量や抵抗の変化を測定します。
センサー（湿度）,1,湿度センサで測定される相対湿度は何と比較して定義されるか？,飽和水蒸気量,気圧,相対湿度は、現在の水蒸気量を同温度での飽和水蒸気量で割った割合として表されます。
センサー（湿度）,1,静電容量型湿度センサの主な特徴はどれか？,高速応答で長寿命,高精度だが応答が遅い,静電容量型センサは、応答性が良く、長寿命であるため多くの用途で使用されます。
センサー(ToF),1,ToF（Time of Flight）センサは、何を測定することで距離を求めるか？,光の飛行時間,音の反射時間,ToFセンサは、光が物体に反射して戻るまでの時間を測定します。
センサー(ToF),1,ToFセンサの測定精度を向上させるには何が重要か？,高速な光検出器,強力な磁場,高速で正確な光検出がToFセンサの精度に直結します。
センサー(ToF),1,ToFセンサはどのような光を主に使用するか？,赤外光,紫外光,ToFセンサは主に赤外光を使用して測定を行います。
センサー(ToF),1,ToFセンサの主な制約はどれか？,長距離測定が困難,高反射率の物体に弱い,ToFセンサは、長距離では信号が弱くなるため精度が低下します。
センサー(ジャイロ),1,ジャイロセンサーは何を検出するセンサーか？,角速度,重力,ジャイロセンサーは、物体の回転速度（角速度）を検出します。
センサー(ジャイロ),2,ジャイロセンサーはどの原理を利用して角速度を測定するか？,コリオリ力,遠心力,物体が角速度に応じてコリオリ力を受ける性質を利用しています。
センサー(ジャイロ),1,ジャイロセンサーの一般的な用途はどれか？,姿勢制御,高度,ジャイロセンサーは姿勢制御や動き検知に広く利用されています。
センサー（地磁気）,1,地磁気センサーは何を測定するか？,地球の磁場,地球の重力,地磁気センサーは、地球が持つ磁場を測定し、方位や磁気強度を検出します。
センサー（地磁気）,1,地磁気センサーはどのような原理を利用しているか？,ホール効果,圧電効果,地磁気センサーは、ホール効果を利用して磁場を測定します。
センサー（地磁気）,1,地磁気センサーがスマートフォンで主に使われる用途はどれか？,コンパス機能,高度計,地磁気センサーはスマートフォンのコンパス機能で使用されます。
センサー（地磁気）,2,地磁気センサーの測定精度に影響を与える要因はどれか？,磁性体の近接,温度変化,磁性体や強い磁場の近くでは正確に測定できなくなる場合があります。
センサー（ｐH）,1,pHセンサーは何を測定する？,水素イオン濃度,酸素イオン濃度,pHセンサは溶液中の水素イオン濃度を測定し、酸性・アルカリ性を示します。
センサー（ｐH）,1,pHセンサでpH7は何を示すか？,中性,酸性,pH7は中性を示し、それより低ければ酸性、高ければアルカリ性です。
センサー（ｐH）,1,pHセンサの使用環境で避けるべき条件はどれか？,高温の溶液,液体の撹拌,高温では電極が劣化しやすく、測定精度が低下します。
センサー（EC）,1,電気伝導度センサは何を測定するか？,液体のイオン濃度,液体の電気抵抗,電気伝導度センサは、溶液中のイオン濃度に応じた電気伝導率を測定します。
センサー（EC）,2,電気伝導度センサの測定単位は何か？,S/m（シーメンス毎メートル）,N/m（ニュートン毎メートル）,電気伝導率の単位はS/mで表されます。
センサー（ORP),1,酸化還元電位（ORP）は溶液の何を測定するか？,電子の受け渡し能力,水素イオン濃度,ORPは溶液中の酸化剤や還元剤の電子授受能力を測定します。
センサー（ORP),2,ORPが高い場合、溶液はどのような性質を持つか？,酸化力が強い,還元力が強い,高いORP値は溶液の酸化力が強いことを示します。
化学,1,次の塩の中で溶解度積が最も大きいものはどれか？,NaCl,BaSO4,NaClは水によく溶ける塩で、溶解度積が大きいです。一方、BaSO4は難溶性塩です。
化学,1,溶解度積 Kspの値が小さいほど、その化合物の溶解度はどうなるか？,小さくなる,大きくなる,溶解度積が小さいほど、その化合物は水に溶けにくいことを意味します。
化学,1,イオン化列は、金属の何に基づいて決定されるか？,酸化還元のしやすさ,電荷の大きさ,イオン化列は、金属が電子を放出して陽イオンになる傾向に基づいています。
化学,1,イオン化列で最もイオン化しやすい金属はどれか？,カリウム (K),銀 (Ag),カリウムは非常にイオン化しやすく、反応性が高い金属です。
化学,2,金属のイオン化傾向が大きいほど、金属はどのような性質を示すか？,還元剤として強い,酸化剤として強い,イオン化傾向が大きい金属は、電子を放出して他の物質を還元する能力が強いです。
電磁気学,1,マクスウェルの方程式はどの分野における基礎方程式か？,電磁気学,熱力学,マクスウェルの方程式は電場と磁場の関係を記述する基本方程式です。
電磁気学,3,マクスウェルの方程式のうち、「電場の発散」を記述しているものはどれか？,ガウスの法則,アンペールの法則,ガウスの法則は、電場の発散が電荷密度に比例することを示します。
電磁気学,2,マクスウェルの方程式は、何の存在を予測したか？,電磁波,重力波,マクスウェルの方程式は、電場と磁場が交互に伝播する電磁波の存在を予測しました。
電磁気学,3,マクスウェルの方程式は、真空中の光速 cと、どの物理量の関係を示すか？,真空の誘電率と透磁率,電場の大きさ,光速は、真空の誘電率 と透磁率によって決定されます。
電磁気学,3,フェルミ準位は何を表すか？,電子が存在する確率が50%となるエネルギー準位,電子の全エネルギーの合計,フェルミ準位は、統計的に電子が占有する確率が50%となるエネルギー準位を示します。
電磁気学,3,半導体でフェルミ準位が伝導帯側に近い場合、その半導体の性質は？,n型,p型,フェルミ準位が伝導帯側に近い場合、電子が主なキャリアとなるn型半導体です。
電磁気学,2,フェルミ準位が絶縁体ではどの位置にあるか？,禁制帯内の中央付近,伝導帯内,絶縁体ではフェルミ準位は禁制帯内の中央に位置します。
電磁気学,2,金属のフェルミ準位が示すのは？,最外殻電子のエネルギー状態,電子の運動量分布,金属では、フェルミ準位は自由電子のエネルギー分布に関連しています。
分光学,2,紫外-可視分光法（UV-Vis）は何を測定するか？,分子の吸収スペクトル,原子核のスピン状態,UV-Visは、分子が特定の波長の光を吸収する際のスペクトルを測定します。
分光学,2,赤外分光法（IR）はどのような分子の動きを検出するか？,分子の振動や回転,電子遷移,IRは分子内の振動や回転エネルギー準位を測定します。
分光学,1,分光法で得られるスペクトルのピーク位置は、何に依存するか？,分子の構造や結合エネルギー,試料濃度,スペクトルのピーク位置は、分子の結合エネルギーや構造に依存します。
分光学,1,紫外線は赤外線に比べて波長が？,短い,長い,紫外線は赤外線よりも波長が短く、高エネルギーの光です。
分光学,1,紫外線が物質に与える主な影響は？,化学結合を切断する,熱を発生させる,紫外線はエネルギーが高く、分子の結合を切断することがあります。
分光学,1,紫外線は、次のどの種類の放射線に含まれるか？,電磁波,粒子線,紫外線は電磁波の一種であり、波として伝播します。
量子学,3,量子化学において、パウリの排他原理が意味することは何か？,1つのオービタルに2つまでの電子が入る,すべての電子は同じエネルギー準位を持つ,パウリの排他原理により、同じ量子状態を持つ電子が同時に存在することはできません。
量子学,3,分子軌道法では、分子全体の電子状態をどのように計算するか？,原子軌道の線形結合,電子間の衝突計算,分子軌道法では、原子軌道を線形結合して分子軌道を構築します。
量子学,2,量子化学の基本的な方程式はどれか？,シュレーディンガー方程式,マクスウェル方程式,シュレーディンガー方程式は、量子化学の基礎となる方程式です。
量子学,3,量子力学において、ハイゼンベルクの不確定性原理は何を示しているか？,位置と運動量を同時に正確に測定できない,すべての物理量は決定論的である,不確定性原理は、量子系の位置と運動量を同時に完全に決定できないことを表します。
量子学,2,光の粒子性を示す現象はどれか？,光電効果,干渉,光電効果は、光が粒子（光子）として振る舞うことを示しています。
量子学,2,量子力学で、エネルギーが連続的ではなく離散的である現象を何と呼ぶか？,エネルギーの量子化,エネルギーの拡散,エネルギーが特定の値のみを取る現象をエネルギーの量子化と呼びます。
量子学,3,波動関数の絶対値の2乗は何を表すか？,粒子が存在する確率,粒子の運動速度,波動関数の絶対値の2乗は、粒子が空間内の特定の位置に存在する確率密度を示します。
モーメント,1,慣性モーメントは物体のどの性質を表すか？,回転に対する抵抗,直線運動に対する抵抗,慣性モーメントは、物体の回転運動に対する抵抗の大きさを示します。
モーメント,2,慣性モーメントはどの物理量に比例するか？,質量と距離の2乗,質量と距離の3乗,慣性モーメントは、物体の質量と回転軸からの距離の2乗に比例します。
モーメント,1,モーメントの単位は？,N・m（ニュートンメートル）,kg・m/s^2,モーメントの単位は、力（N）×距離（m）で表されます。
放射化学,1,放射線の中で、紙で遮蔽可能なものは？,α線,γ線,α線は紙やアルミ箔で簡単に遮蔽されます。
放射化学,1,放射線の単位「シーベルト（Sv）」は何を表すか？,放射線の人体への影響,放射線のエネルギー量,シーベルトは、放射線が人体に与える生物学的影響を示す単位です。
放射化学,1,放射性崩壊における半減期とは？,放射性物質の量が半分になる時間,放射線のエネルギーが半分になる時間,半減期は、放射性物質がその量の半分に減少するまでの時間を指します。
放射化学,1,放射線を遮蔽する際、鉛が使用される主な理由は？,高い密度でγ線を吸収しやすい,電気を通しやすい,鉛は高密度であり、特にγ線の遮蔽に効果的です。
